{
  "generated_at_utc": "2026-03-21T12:57:03.620677+00:00",
  "results": {
    "MetricsEncoder": {
      "avg_ms": 0.042286491952836514,
      "p50_ms": 0.038353027775883675,
      "p90_ms": 0.05623791366815567,
      "std_ms": 0.007744350274658816,
      "ci95_low_ms": 0.03748649392308632,
      "ci95_high_ms": 0.04708648998258671,
      "runs": 10
    },
    "QNN": {
      "avg_ms": 69.68990000896156,
      "p50_ms": 69.69889346510172,
      "p90_ms": 70.47516317106783,
      "std_ms": 0.8126441670187209,
      "ci95_low_ms": 69.18621793593579,
      "ci95_high_ms": 70.19358208198733,
      "runs": 10
    },
    "QTransformer": {
      "avg_ms": 410.00288501381874,
      "p50_ms": 409.67234456911683,
      "p90_ms": 415.29223998077214,
      "std_ms": 4.305596793062755,
      "ci95_low_ms": 407.33424847354934,
      "ci95_high_ms": 412.67152155408814,
      "runs": 10
    }
  }
}