{
  "generated_at_utc": "2026-03-21T03:15:45.249756+00:00",
  "config": {
    "seeds": [
      0,
      1,
      2,
      3,
      4,
      5,
      6,
      7,
      8,
      9,
      10,
      11,
      12,
      13,
      14,
      15,
      16,
      17,
      18,
      19,
      20,
      21,
      22,
      23,
      24,
      25,
      26,
      27,
      28,
      29
    ],
    "episodes": 6,
    "steps": 80,
    "sigmas": [
      0.0,
      0.05,
      0.1,
      0.2
    ],
    "adversarial_intensity": 0.7
  },
  "results": {
    "sigma_0.00": {
      "shielded": {
        "reward_mean": -1729.8867159018505,
        "reward_std": 27.736157654461937,
        "violation_rate_mean": 0.9436805555555556,
        "violation_rate_std": 0.004113667561005525
      },
      "unshielded": {
        "reward_mean": -1818.532752822762,
        "reward_std": 29.900126897546034,
        "violation_rate_mean": 0.975,
        "violation_rate_std": 0.002217877697593247
      }
    },
    "sigma_0.05": {
      "shielded": {
        "reward_mean": -1729.8867159018505,
        "reward_std": 27.736157654461937,
        "violation_rate_mean": 0.9436805555555556,
        "violation_rate_std": 0.004113667561005525
      },
      "unshielded": {
        "reward_mean": -1818.46289863634,
        "reward_std": 29.766982539797148,
        "violation_rate_mean": 0.975,
        "violation_rate_std": 0.002217877697593247
      }
    },
    "sigma_0.10": {
      "shielded": {
        "reward_mean": -1729.8867159018505,
        "reward_std": 27.736157654461937,
        "violation_rate_mean": 0.9436805555555556,
        "violation_rate_std": 0.004113667561005525
      },
      "unshielded": {
        "reward_mean": -1818.2840697859265,
        "reward_std": 29.651228199213424,
        "violation_rate_mean": 0.9750694444444444,
        "violation_rate_std": 0.002249185380653016
      }
    },
    "sigma_0.20": {
      "shielded": {
        "reward_mean": -1725.1741130825658,
        "reward_std": 28.948223598714712,
        "violation_rate_mean": 0.9436805555555556,
        "violation_rate_std": 0.004113667561005525
      },
      "unshielded": {
        "reward_mean": -1817.7128687612037,
        "reward_std": 29.538114749635454,
        "violation_rate_mean": 0.9750694444444444,
        "violation_rate_std": 0.002249185380653016
      }
    }
  }
}