{
  "generated_at_utc": "2026-03-21T12:42:51.231445+00:00",
  "scaled_env": {
    "heuristic": -4086.2367163000063,
    "random": -3873.8146691865627,
    "robust": -4037.0354308739616
  },
  "defi_env": {
    "heuristic": 517.1238763463883,
    "random": 328.86442757215815,
    "robust": 515.3436451772678
  }
}