{
  "generated_at_utc": "2026-03-21T12:49:37.295596+00:00",
  "config": {
    "seeds": [
      3,
      5,
      7,
      9,
      11,
      13,
      17,
      19,
      21,
      23,
      27,
      31,
      37,
      41,
      42,
      47,
      53,
      57,
      63,
      69,
      73,
      79,
      84,
      89,
      97,
      99,
      107,
      113,
      127,
      131
    ],
    "episodes": 10,
    "steps": 120
  },
  "results": {
    "classical_mlp": {
      "params": 4673,
      "reward_mean": -2802.8515371350636,
      "reward_std": 123.20168478747136,
      "violations_mean": 115.5,
      "violations_std": 0.20655911179772976
    },
    "vqc_6q_4l": {
      "params": 28,
      "reward_mean": -2700.2260720845356,
      "reward_std": 34.77588359004244,
      "violations_mean": 115.49666666666667,
      "violations_std": 0.22727858578307691
    }
  },
  "vqc_parameter_ratio_vs_classical": 166.89285714285714
}