{
  "generated_at_utc": "2026-03-21T12:56:52.550905+00:00",
  "summary": {
    "random": {
      "mean": 9.483880952380948,
      "std": 6.338442290192422,
      "ci95_low": 6.3973333333333295,
      "ci95_high": 12.546119047619042,
      "n": 16
    },
    "heuristic_target": {
      "mean": 22.999999999999982,
      "std": 0.0,
      "ci95_low": 22.999999999999982,
      "ci95_high": 22.999999999999982,
      "n": 16
    },
    "ppo_full": {
      "mean": 16.20895238095238,
      "std": 6.718280843156852,
      "ci95_low": 12.69517857142857,
      "ci95_high": 19.19397619047619,
      "n": 16
    },
    "ppo_no_entropy_anneal": {
      "mean": 16.20895238095238,
      "std": 6.718280843156852,
      "ci95_low": 12.766047619047619,
      "ci95_high": 19.223904761904762,
      "n": 16
    },
    "ppo_no_adv_norm": {
      "mean": 18.65804761904762,
      "std": 4.6810921984156675,
      "ci95_low": 16.193023809523808,
      "ci95_high": 20.79615476190476,
      "n": 16
    }
  },
  "comparisons": {
    "ppo_vs_random": {
      "permutation_pvalue": 0.008549572521373932,
      "cohens_d": 1.029695952939003
    },
    "ppo_vs_heuristic": {
      "permutation_pvalue": 4.999750012499375e-05,
      "cohens_d": -1.42953113598416
    }
  }
}