{
  "generated_at_utc": "2026-03-21T12:49:38.249025+00:00",
  "config": {
    "episodes": 25,
    "steps": 200
  },
  "results": {
    "intensity_0": {
      "random": -4381.973189140286,
      "heuristic": -3959.0197558914642,
      "ppo": -3978.3659265866618,
      "robust": -3938.2304630035983
    },
    "intensity_10": {
      "random": -4806.154531844815,
      "heuristic": -3951.714835500694,
      "ppo": -4003.349888305754,
      "robust": -3969.01252150852
    },
    "intensity_20": {
      "random": -4339.154892787079,
      "heuristic": -4042.6384300930304,
      "ppo": -3940.8642284709886,
      "robust": -4001.393101963046
    },
    "intensity_30": {
      "random": -4709.260111810314,
      "heuristic": -4098.561454639126,
      "ppo": -4158.397041969453,
      "robust": -4195.241703951445
    },
    "intensity_40": {
      "random": -4493.633597704897,
      "heuristic": -4264.3696974409095,
      "ppo": -4256.189637643082,
      "robust": -4291.440438046152
    },
    "intensity_50": {
      "random": -4230.912745868906,
      "heuristic": -4501.167753186572,
      "ppo": -4393.613117985234,
      "robust": -4526.027609195776
    },
    "intensity_60": {
      "random": -4380.810259195522,
      "heuristic": -4543.903202234787,
      "ppo": -4433.529070053044,
      "robust": -4504.3520439129925
    },
    "intensity_70": {
      "random": -4176.307369256398,
      "heuristic": -4560.590418952878,
      "ppo": -4468.623780031196,
      "robust": -4541.668819079946
    },
    "intensity_80": {
      "random": -4439.388114206369,
      "heuristic": -4543.94823792081,
      "ppo": -4533.634340517997,
      "robust": -4563.843686230907
    },
    "intensity_90": {
      "random": -4257.523158195209,
      "heuristic": -4581.162804012365,
      "ppo": -4534.534937225563,
      "robust": -4510.952467137959
    },
    "intensity_100": {
      "random": -4225.077462324745,
      "heuristic": -4535.840948235881,
      "ppo": -4502.785622840195,
      "robust": -4535.519076409794
    }
  }
}