{
  "generated_at_utc": "2026-03-21T03:12:28.348520+00:00",
  "config": {
    "seeds": [
      0,
      1,
      2,
      3,
      4,
      5,
      6,
      7,
      8,
      9,
      10,
      11,
      12,
      13,
      14,
      15,
      16,
      17,
      18,
      19,
      20,
      21,
      22,
      23,
      24,
      25,
      26,
      27,
      28,
      29
    ],
    "episodes": 6,
    "steps": 80
  },
  "results": {
    "mlp_28": {
      "params": 28,
      "reward_mean": -1800.0833593345196,
      "reward_std": 81.53418253492306,
      "violations_mean": 75.45555555555556,
      "violations_std": 0.3040873818534225,
      "inference_latency_ms": 0.0836549074220885,
      "episode_wall_clock_s": 0.01513741403274859,
      "forward_flops_est": 56
    },
    "vqc_6q_4l": {
      "params": 28,
      "reward_mean": -1729.9406310497134,
      "reward_std": 25.685113517714072,
      "violations_mean": 75.42777777777778,
      "violations_std": 0.32683480177961577,
      "inference_latency_ms": 9.343832349728068,
      "episode_wall_clock_s": 0.7568974496874338,
      "forward_flops_est": 56
    },
    "mlp_4673": {
      "params": 4673,
      "reward_mean": -1770.5201554605765,
      "reward_std": 92.56534001321067,
      "violations_mean": 75.47222222222223,
      "violations_std": 0.28894230275435245,
      "inference_latency_ms": 0.09527218043028067,
      "episode_wall_clock_s": 0.014737011690158397,
      "forward_flops_est": 9346
    },
    "lora_mlp": {
      "params": 396,
      "reward_mean": -1785.269392117273,
      "reward_std": 102.42769048596222,
      "violations_mean": 75.46666666666667,
      "violations_std": 0.2899552966822202,
      "inference_latency_ms": 0.14637290619753507,
      "episode_wall_clock_s": 0.019029307644814253,
      "forward_flops_est": 10138
    },
    "distilled_student": {
      "params": 97,
      "reward_mean": -1778.4568606048413,
      "reward_std": 74.12266873053895,
      "violations_mean": 75.44444444444444,
      "violations_std": 0.2960647243216495,
      "inference_latency_ms": 0.07988266595121887,
      "episode_wall_clock_s": 0.013401754043944595,
      "forward_flops_est": 194
    }
  }
}